image_id,object_id,detector_conf,species,species_ru,species_conf,top_species,top_species_ru,top_species_conf,stage,stage_ru,stage_conf,spray_action,review_required,bbox_x1,bbox_y1,bbox_x2,bbox_y2,bbox_width,bbox_height,drone_lat,drone_lon,lat,lon,geo_quality,geo_error_m,drone_abs_alt,drone_rel_alt,timestamp,crop_path
DJI_20260609122641_0177_D.JPG,4,0.7,unknown,Не определено,0.4932,crop_wheat,Пшеница (Культура / Фон),0.4932,unknown,Не определено,0.835,manual_review,True,3539,2431,4096,3072,557,641,52.92379666666667,63.36168833333333,52.92379666666667,63.36168833333333,frame_only,0.0,319.296,2.2,2026-06-09 07:26:41 +0000,crops/DJI_20260609122641_0177_D/crop_0003_0.70.jpg
DJI_20260609122641_0177_D.JPG,5,0.7,unknown,Не определено,0.5868,crop_wheat,Пшеница (Культура / Фон),0.5868,unknown,Не определено,0.7022,manual_review,True,3255,614,3670,1046,415,432,52.92379666666667,63.36168833333333,52.92379666666667,63.36168833333333,frame_only,0.0,319.296,2.2,2026-06-09 07:26:41 +0000,crops/DJI_20260609122641_0177_D/crop_0004_0.70.jpg
DJI_20260609122641_0177_D.JPG,7,0.7,unknown,Не определено,0.5608,crop_wheat,Пшеница (Культура / Фон),0.5608,unknown,Не определено,0.7608,manual_review,True,2779,14,3494,509,715,495,52.92379666666667,63.36168833333333,52.92379666666667,63.36168833333333,frame_only,0.0,319.296,2.2,2026-06-09 07:26:41 +0000,crops/DJI_20260609122641_0177_D/crop_0006_0.70.jpg
DJI_20260609122641_0177_D.JPG,9,0.7,unknown,Не определено,0.4134,field_thistle,Бодяк полевой,0.4134,unknown,Не определено,0.6297,manual_review,True,3829,2086,4096,2488,267,402,52.92379666666667,63.36168833333333,52.92379666666667,63.36168833333333,frame_only,0.0,319.296,2.2,2026-06-09 07:26:41 +0000,crops/DJI_20260609122641_0177_D/crop_0008_0.70.jpg
DJI_20260609122641_0177_D.JPG,12,0.7,unknown,Не определено,0.4716,crop_wheat,Пшеница (Культура / Фон),0.4716,unknown,Не определено,0.8582,manual_review,True,1006,1335,1208,1711,202,376,52.92379666666667,63.36168833333333,52.92379666666667,63.36168833333333,frame_only,0.0,319.296,2.2,2026-06-09 07:26:41 +0000,crops/DJI_20260609122641_0177_D/crop_0011_0.70.jpg
DJI_20260609122641_0177_D.JPG,31,0.2991,unknown,Не определено,0.4842,couch_grass,Пырей ползучий,0.4842,unknown,Не определено,0.5271,manual_review,True,0,2672,159,3043,159,371,52.92379666666667,63.36168833333333,52.92379666666667,63.36168833333333,frame_only,0.0,319.296,2.2,2026-06-09 07:26:41 +0000,crops/DJI_20260609122641_0177_D/crop_0030_0.30.jpg
DJI_20260609122641_0177_D.JPG,32,0.2755,unknown,Не определено,0.4326,crop_wheat,Пшеница (Культура / Фон),0.4326,unknown,Не определено,0.5238,manual_review,True,1325,1471,1527,1751,202,280,52.92379666666667,63.36168833333333,52.92379666666667,63.36168833333333,frame_only,0.0,319.296,2.2,2026-06-09 07:26:41 +0000,crops/DJI_20260609122641_0177_D/crop_0031_0.28.jpg
DJI_20260609122641_0177_D.JPG,35,0.2537,unknown,Не определено,0.5422,crop_wheat,Пшеница (Культура / Фон),0.5422,unknown,Не определено,0.6105,manual_review,True,0,342,123,718,123,376,52.92379666666667,63.36168833333333,52.92379666666667,63.36168833333333,frame_only,0.0,319.296,2.2,2026-06-09 07:26:41 +0000,crops/DJI_20260609122641_0177_D/crop_0034_0.25.jpg
DJI_20260609122641_0177_D.JPG,37,0.212,unknown,Не определено,0.5663,crop_wheat,Пшеница (Культура / Фон),0.5663,unknown,Не определено,0.8547,manual_review,True,3517,0,3907,83,390,83,52.92379666666667,63.36168833333333,52.92379666666667,63.36168833333333,frame_only,0.0,319.296,2.2,2026-06-09 07:26:41 +0000,crops/DJI_20260609122641_0177_D/crop_0036_0.21.jpg
DJI_20260615115515_0164_D.JPG,48,0.2994,unknown,Не определено,0.581,crop_wheat,Пшеница (Культура / Фон),0.581,unknown,Не определено,0.6814,manual_review,True,2993,1962,3239,2296,246,334,52.944005,63.33818333333333,52.944005,63.33818333333333,frame_only,0.0,286.437,0.2,2026-06-15 06:55:15 +0000,crops/DJI_20260615115515_0164_D/crop_0047_0.30.jpg
DJI_20260615134123_0339_D.JPG,1,0.7,unknown,Не определено,0.4068,field_thistle,Бодяк полевой,0.4068,unknown,Не определено,0.6231,manual_review,True,3497,0,3745,267,248,267,52.91280166666667,63.37184833333333,52.91280166666667,63.37184833333333,frame_only,0.0,314.749,2.3,2026-06-15 08:41:23 +0000,crops/DJI_20260615134123_0339_D/crop_0000_0.70.jpg
DJI_20260615134123_0339_D.JPG,2,0.7,field_bindweed,Вьюнок полевой,0.6605,field_bindweed,Вьюнок полевой,0.6605,4_to_6_leaves,4–6 листьев,0.8968,spray_weed,False,0,1689,1172,2634,1172,945,52.91280166666667,63.37184833333333,52.91280166666667,63.37184833333333,frame_only,0.0,314.749,2.3,2026-06-15 08:41:23 +0000,crops/DJI_20260615134123_0339_D/crop_0001_0.70.jpg
DJI_20260615134123_0339_D.JPG,5,0.7,unknown,Не определено,0.5411,crop_wheat,Пшеница (Культура / Фон),0.5411,unknown,Не определено,0.8047,manual_review,True,1713,2615,2023,3060,310,445,52.91280166666667,63.37184833333333,52.91280166666667,63.37184833333333,frame_only,0.0,314.749,2.3,2026-06-15 08:41:23 +0000,crops/DJI_20260615134123_0339_D/crop_0004_0.70.jpg
DJI_20260615134123_0339_D.JPG,6,0.7,couch_grass,Пырей ползучий,0.6001,couch_grass,Пырей ползучий,0.6001,stem_elongation,Стеблевание,0.8465,spray_weed,False,2414,2556,2776,3072,362,516,52.91280166666667,63.37184833333333,52.91280166666667,63.37184833333333,frame_only,0.0,314.749,2.3,2026-06-15 08:41:23 +0000,crops/DJI_20260615134123_0339_D/crop_0005_0.70.jpg
DJI_20260615134123_0339_D.JPG,7,0.7,unknown,Не определено,0.5873,couch_grass,Пырей ползучий,0.5873,unknown,Не определено,0.8761,manual_review,True,1337,2447,1811,3072,474,625,52.91280166666667,63.37184833333333,52.91280166666667,63.37184833333333,frame_only,0.0,314.749,2.3,2026-06-15 08:41:23 +0000,crops/DJI_20260615134123_0339_D/crop_0006_0.70.jpg
DJI_20260615134123_0339_D.JPG,8,0.7,unknown,Не определено,0.5359,couch_grass,Пырей ползучий,0.5359,unknown,Не определено,0.9137,manual_review,True,1823,2272,2182,2669,359,397,52.91280166666667,63.37184833333333,52.91280166666667,63.37184833333333,frame_only,0.0,314.749,2.3,2026-06-15 08:41:23 +0000,crops/DJI_20260615134123_0339_D/crop_0007_0.70.jpg
DJI_20260615134123_0339_D.JPG,10,0.7,unknown,Не определено,0.447,couch_grass,Пырей ползучий,0.447,unknown,Не определено,0.7611,manual_review,True,3817,0,4096,379,279,379,52.91280166666667,63.37184833333333,52.91280166666667,63.37184833333333,frame_only,0.0,314.749,2.3,2026-06-15 08:41:23 +0000,crops/DJI_20260615134123_0339_D/crop_0009_0.70.jpg
DJI_20260615134123_0339_D.JPG,11,0.7,unknown,Не определено,0.4835,couch_grass,Пырей ползучий,0.4835,unknown,Не определено,0.9479,manual_review,True,1482,2200,1861,2491,379,291,52.91280166666667,63.37184833333333,52.91280166666667,63.37184833333333,frame_only,0.0,314.749,2.3,2026-06-15 08:41:23 +0000,crops/DJI_20260615134123_0339_D/crop_0010_0.70.jpg
DJI_20260615134123_0339_D.JPG,12,0.7,couch_grass,Пырей ползучий,0.6778,couch_grass,Пырей ползучий,0.6778,stem_elongation,Стеблевание,0.7475,spray_weed,False,3203,2031,4083,2895,880,864,52.91280166666667,63.37184833333333,52.91280166666667,63.37184833333333,frame_only,0.0,314.749,2.3,2026-06-15 08:41:23 +0000,crops/DJI_20260615134123_0339_D/crop_0011_0.70.jpg
DJI_20260615134123_0339_D.JPG,13,0.7,unknown,Не определено,0.5932,crop_wheat,Пшеница (Культура / Фон),0.5932,unknown,Не определено,0.8409,manual_review,True,1470,1943,1708,2220,238,277,52.91280166666667,63.37184833333333,52.91280166666667,63.37184833333333,frame_only,0.0,314.749,2.3,2026-06-15 08:41:23 +0000,crops/DJI_20260615134123_0339_D/crop_0012_0.70.jpg
DJI_20260615134123_0339_D.JPG,14,0.7,unknown,Не определено,0.5326,crop_wheat,Пшеница (Культура / Фон),0.5326,unknown,Не определено,0.5646,manual_review,True,3109,1854,3356,2200,247,346,52.91280166666667,63.37184833333333,52.91280166666667,63.37184833333333,frame_only,0.0,314.749,2.3,2026-06-15 08:41:23 +0000,crops/DJI_20260615134123_0339_D/crop_0013_0.70.jpg
DJI_20260615134123_0339_D.JPG,15,0.7,unknown,Не определено,0.5264,crop_wheat,Пшеница (Культура / Фон),0.5264,unknown,Не определено,0.7464,manual_review,True,3488,1633,3839,1958,351,325,52.91280166666667,63.37184833333333,52.91280166666667,63.37184833333333,frame_only,0.0,314.749,2.3,2026-06-15 08:41:23 +0000,crops/DJI_20260615134123_0339_D/crop_0014_0.70.jpg
DJI_20260615134123_0339_D.JPG,16,0.7,unknown,Не определено,0.5276,crop_wheat,Пшеница (Культура / Фон),0.5276,unknown,Не определено,0.6267,manual_review,True,0,1340,223,1588,223,248,52.91280166666667,63.37184833333333,52.91280166666667,63.37184833333333,frame_only,0.0,314.749,2.3,2026-06-15 08:41:23 +0000,crops/DJI_20260615134123_0339_D/crop_0015_0.70.jpg
DJI_20260615134123_0339_D.JPG,17,0.7,unknown,Не определено,0.5599,couch_grass,Пырей ползучий,0.5599,unknown,Не определено,0.7881,manual_review,True,0,1044,389,1369,389,325,52.91280166666667,63.37184833333333,52.91280166666667,63.37184833333333,frame_only,0.0,314.749,2.3,2026-06-15 08:41:23 +0000,crops/DJI_20260615134123_0339_D/crop_0016_0.70.jpg
DJI_20260615134123_0339_D.JPG,18,0.7,couch_grass,Пырей ползучий,0.613,couch_grass,Пырей ползучий,0.613,stem_elongation,Стеблевание,0.8702,spray_weed,False,315,908,825,1605,510,697,52.91280166666667,63.37184833333333,52.91280166666667,63.37184833333333,frame_only,0.0,314.749,2.3,2026-06-15 08:41:23 +0000,crops/DJI_20260615134123_0339_D/crop_0017_0.70.jpg
DJI_20260615134123_0339_D.JPG,19,0.7,unknown,Не определено,0.4373,field_bindweed,Вьюнок полевой,0.4373,unknown,Не определено,0.8136,manual_review,True,774,862,1195,1344,421,482,52.91280166666667,63.37184833333333,52.91280166666667,63.37184833333333,frame_only,0.0,314.749,2.3,2026-06-15 08:41:23 +0000,crops/DJI_20260615134123_0339_D/crop_0018_0.70.jpg
DJI_20260615134123_0339_D.JPG,20,0.7,unknown,Не определено,0.5898,couch_grass,Пырей ползучий,0.5898,unknown,Не определено,0.6989,manual_review,True,3398,784,3740,1160,342,376,52.91280166666667,63.37184833333333,52.91280166666667,63.37184833333333,frame_only,0.0,314.749,2.3,2026-06-15 08:41:23 +0000,crops/DJI_20260615134123_0339_D/crop_0019_0.70.jpg
DJI_20260615134123_0339_D.JPG,21,0.7,couch_grass,Пырей ползучий,0.7024,couch_grass,Пырей ползучий,0.7024,stem_elongation,Стеблевание,0.8173,spray_weed,False,594,512,842,891,248,379,52.91280166666667,63.37184833333333,52.91280166666667,63.37184833333333,frame_only,0.0,314.749,2.3,2026-06-15 08:41:23 +0000,crops/DJI_20260615134123_0339_D/crop_0020_0.70.jpg
DJI_20260615134123_0339_D.JPG,22,0.7,unknown,Не определено,0.5927,crop_wheat,Пшеница (Культура / Фон),0.5927,unknown,Не определено,0.6862,manual_review,True,0,373,366,639,366,266,52.91280166666667,63.37184833333333,52.91280166666667,63.37184833333333,frame_only,0.0,314.749,2.3,2026-06-15 08:41:23 +0000,crops/DJI_20260615134123_0339_D/crop_0021_0.70.jpg
DJI_20260615134123_0339_D.JPG,23,0.7,couch_grass,Пырей ползучий,0.7034,couch_grass,Пырей ползучий,0.7034,stem_elongation,Стеблевание,0.8022,spray_weed,False,3662,337,4083,726,421,389,52.91280166666667,63.37184833333333,52.91280166666667,63.37184833333333,frame_only,0.0,314.749,2.3,2026-06-15 08:41:23 +0000,crops/DJI_20260615134123_0339_D/crop_0022_0.70.jpg
DJI_20260615134123_0339_D.JPG,24,0.7,unknown,Не определено,0.486,crop_wheat,Пшеница (Культура / Фон),0.486,unknown,Не определено,0.7973,manual_review,True,1062,331,1411,693,349,362,52.91280166666667,63.37184833333333,52.91280166666667,63.37184833333333,frame_only,0.0,314.749,2.3,2026-06-15 08:41:23 +0000,crops/DJI_20260615134123_0339_D/crop_0023_0.70.jpg
DJI_20260615134123_0339_D.JPG,25,0.7,unknown,Не определено,0.5958,crop_wheat,Пшеница (Культура / Фон),0.5958,unknown,Не определено,0.7742,manual_review,True,333,85,772,430,439,345,52.91280166666667,63.37184833333333,52.91280166666667,63.37184833333333,frame_only,0.0,314.749,2.3,2026-06-15 08:41:23 +0000,crops/DJI_20260615134123_0339_D/crop_0024_0.70.jpg
DJI_20260615134123_0339_D.JPG,27,0.7,couch_grass,Пырей ползучий,0.8256,couch_grass,Пырей ползучий,0.8256,stem_elongation,Стеблевание,0.8643,spray_weed,False,3744,1398,4096,1955,352,557,52.91280166666667,63.37184833333333,52.91280166666667,63.37184833333333,frame_only,0.0,314.749,2.3,2026-06-15 08:41:23 +0000,crops/DJI_20260615134123_0339_D/crop_0026_0.70.jpg
DJI_20260615134123_0339_D.JPG,30,0.4708,unknown,Не определено,0.5762,crop_wheat,Пшеница (Культура / Фон),0.5762,unknown,Не определено,0.6759,manual_review,True,817,3030,891,3071,74,41,52.91280166666667,63.37184833333333,52.91280166666667,63.37184833333333,frame_only,0.0,314.749,2.3,2026-06-15 08:41:23 +0000,crops/DJI_20260615134123_0339_D/crop_0029_0.47.jpg
DJI_20260615134123_0339_D.JPG,31,0.3344,unknown,Не определено,0.4982,crop_wheat,Пшеница (Культура / Фон),0.4982,unknown,Не определено,0.5174,manual_review,True,1227,2051,1323,2152,96,101,52.91280166666667,63.37184833333333,52.91280166666667,63.37184833333333,frame_only,0.0,314.749,2.3,2026-06-15 08:41:23 +0000,crops/DJI_20260615134123_0339_D/crop_0030_0.33.jpg
DJI_20260615134520_0343_D.JPG,1,0.7925,unknown,Не определено,0.4525,field_bindweed,Вьюнок полевой,0.4525,unknown,Не определено,0.8309,manual_review,True,754,18,4096,3072,3342,3054,52.92513666666667,63.36393,52.92513666666667,63.36393,frame_only,0.0,314.149,1.7,2026-06-15 08:45:20 +0000,crops/DJI_20260615134520_0343_D/crop_0000_0.79.jpg
DJI_20260615134520_0343_D.JPG,2,0.7,unknown,Не определено,0.4908,field_bindweed,Вьюнок полевой,0.4908,unknown,Не определено,0.7554,manual_review,True,0,288,2209,1692,2209,1404,52.92513666666667,63.36393,52.92513666666667,63.36393,frame_only,0.0,314.149,1.7,2026-06-15 08:45:20 +0000,crops/DJI_20260615134520_0343_D/crop_0001_0.70.jpg
DJI_20260615134520_0343_D.JPG,6,0.7,unknown,Не определено,0.4635,field_thistle,Бодяк полевой,0.4635,unknown,Не определено,0.6433,manual_review,True,1171,2591,1436,2865,265,274,52.92513666666667,63.36393,52.92513666666667,63.36393,frame_only,0.0,314.149,1.7,2026-06-15 08:45:20 +0000,crops/DJI_20260615134520_0343_D/crop_0005_0.70.jpg
DJI_20260615134520_0343_D.JPG,13,0.5806,unknown,Не определено,0.508,crop_wheat,Пшеница (Культура / Фон),0.508,unknown,Не определено,0.5442,manual_review,True,2753,1175,2791,1240,38,65,52.92513666666667,63.36393,52.92513666666667,63.36393,frame_only,0.0,314.149,1.7,2026-06-15 08:45:20 +0000,crops/DJI_20260615134520_0343_D/crop_0012_0.58.jpg
DJI_20260615134520_0343_D.JPG,14,0.5679,unknown,Не определено,0.5013,crop_wheat,Пшеница (Культура / Фон),0.5013,unknown,Не определено,0.8598,manual_review,True,1564,149,1708,217,144,68,52.92513666666667,63.36393,52.92513666666667,63.36393,frame_only,0.0,314.149,1.7,2026-06-15 08:45:20 +0000,crops/DJI_20260615134520_0343_D/crop_0013_0.57.jpg
DJI_20260615134520_0343_D.JPG,18,0.3703,field_thistle,Бодяк полевой,0.6578,field_thistle,Бодяк полевой,0.6578,4_to_6_leaves,4–6 листьев,0.6016,spray_weed,False,1024,391,1656,1068,632,677,52.92513666666667,63.36393,52.92513666666667,63.36393,frame_only,0.0,314.149,1.7,2026-06-15 08:45:20 +0000,crops/DJI_20260615134520_0343_D/crop_0017_0.37.jpg
DJI_20260615134520_0343_D.JPG,22,0.2898,unknown,Не определено,0.5945,crop_wheat,Пшеница (Культура / Фон),0.5945,unknown,Не определено,0.639,manual_review,True,2041,395,2077,449,36,54,52.92513666666667,63.36393,52.92513666666667,63.36393,frame_only,0.0,314.149,1.7,2026-06-15 08:45:20 +0000,crops/DJI_20260615134520_0343_D/crop_0021_0.29.jpg
DJI_20260615134520_0343_D.JPG,24,0.259,unknown,Не определено,0.5428,crop_wheat,Пшеница (Культура / Фон),0.5428,unknown,Не определено,0.7282,manual_review,True,1848,1023,1898,1093,50,70,52.92513666666667,63.36393,52.92513666666667,63.36393,frame_only,0.0,314.149,1.7,2026-06-15 08:45:20 +0000,crops/DJI_20260615134520_0343_D/crop_0023_0.26.jpg
DJI_20260615134520_0343_D.JPG,25,0.2269,unknown,Не определено,0.5377,crop_wheat,Пшеница (Культура / Фон),0.5377,unknown,Не определено,0.6347,manual_review,True,2755,732,2787,774,32,42,52.92513666666667,63.36393,52.92513666666667,63.36393,frame_only,0.0,314.149,1.7,2026-06-15 08:45:20 +0000,crops/DJI_20260615134520_0343_D/crop_0024_0.23.jpg
DJI_20260615134710_0347_D.JPG,1,0.8232,unknown,Не определено,0.3701,crop_wheat,Пшеница (Культура / Фон),0.3701,unknown,Не определено,0.7721,manual_review,True,2059,0,4096,1151,2037,1151,52.925225,63.36423333333333,52.925225,63.36423333333333,frame_only,0.0,314.049,1.6,2026-06-15 08:47:10 +0000,crops/DJI_20260615134710_0347_D/crop_0000_0.82.jpg
DJI_20260615134710_0347_D.JPG,2,0.7516,field_bindweed,Вьюнок полевой,0.6087,field_bindweed,Вьюнок полевой,0.6087,4_to_6_leaves,4–6 листьев,0.7938,spray_weed,False,1213,370,2794,2569,1581,2199,52.925225,63.36423333333333,52.925225,63.36423333333333,frame_only,0.0,314.049,1.6,2026-06-15 08:47:10 +0000,crops/DJI_20260615134710_0347_D/crop_0001_0.75.jpg
DJI_20260615134710_0347_D.JPG,3,0.7502,unknown,Не определено,0.3787,field_bindweed,Вьюнок полевой,0.3787,unknown,Не определено,0.81,manual_review,True,812,711,1394,1370,582,659,52.925225,63.36423333333333,52.925225,63.36423333333333,frame_only,0.0,314.049,1.6,2026-06-15 08:47:10 +0000,crops/DJI_20260615134710_0347_D/crop_0002_0.75.jpg
DJI_20260615134710_0347_D.JPG,4,0.7344,unknown,Не определено,0.4708,field_bindweed,Вьюнок полевой,0.4708,unknown,Не определено,0.9312,manual_review,True,2041,1029,3512,3072,1471,2043,52.925225,63.36423333333333,52.925225,63.36423333333333,frame_only,0.0,314.049,1.6,2026-06-15 08:47:10 +0000,crops/DJI_20260615134710_0347_D/crop_0003_0.73.jpg
DJI_20260615134710_0347_D.JPG,6,0.7,unknown,Не определено,0.5656,crop_wheat,Пшеница (Культура / Фон),0.5656,unknown,Не определено,0.953,manual_review,True,846,0,1763,662,917,662,52.925225,63.36423333333333,52.925225,63.36423333333333,frame_only,0.0,314.049,1.6,2026-06-15 08:47:10 +0000,crops/DJI_20260615134710_0347_D/crop_0005_0.70.jpg
DJI_20260615134710_0347_D.JPG,8,0.7,unknown,Не определено,0.5128,couch_grass,Пырей ползучий,0.5128,unknown,Не определено,0.8468,manual_review,True,1,2437,574,3072,573,635,52.925225,63.36423333333333,52.925225,63.36423333333333,frame_only,0.0,314.049,1.6,2026-06-15 08:47:10 +0000,crops/DJI_20260615134710_0347_D/crop_0007_0.70.jpg
DJI_20260615134710_0347_D.JPG,9,0.7,unknown,Не определено,0.5468,crop_wheat,Пшеница (Культура / Фон),0.5468,unknown,Не определено,0.8213,manual_review,True,54,2288,405,2645,351,357,52.925225,63.36423333333333,52.925225,63.36423333333333,frame_only,0.0,314.049,1.6,2026-06-15 08:47:10 +0000,crops/DJI_20260615134710_0347_D/crop_0008_0.70.jpg
DJI_20260615134710_0347_D.JPG,12,0.7,couch_grass,Пырей ползучий,0.7274,couch_grass,Пырей ползучий,0.7274,stem_elongation,Стеблевание,0.8494,spray_weed,False,3137,1904,4096,3072,959,1168,52.925225,63.36423333333333,52.925225,63.36423333333333,frame_only,0.0,314.049,1.6,2026-06-15 08:47:10 +0000,crops/DJI_20260615134710_0347_D/crop_0011_0.70.jpg
DJI_20260615134710_0347_D.JPG,13,0.7,field_bindweed,Вьюнок полевой,0.6173,field_bindweed,Вьюнок полевой,0.6173,4_to_6_leaves,4–6 листьев,0.8487,spray_weed,False,0,665,408,2183,408,1518,52.925225,63.36423333333333,52.925225,63.36423333333333,frame_only,0.0,314.049,1.6,2026-06-15 08:47:10 +0000,crops/DJI_20260615134710_0347_D/crop_0012_0.70.jpg
DJI_20260615134710_0347_D.JPG,14,0.7,unknown,Не определено,0.5329,crop_wheat,Пшеница (Культура / Фон),0.5329,unknown,Не определено,0.8768,manual_review,True,514,1431,834,2021,320,590,52.925225,63.36423333333333,52.925225,63.36423333333333,frame_only,0.0,314.049,1.6,2026-06-15 08:47:10 +0000,crops/DJI_20260615134710_0347_D/crop_0013_0.70.jpg
DJI_20260615134710_0347_D.JPG,16,0.7,unknown,Не определено,0.4031,couch_grass,Пырей ползучий,0.4031,unknown,Не определено,0.6829,manual_review,True,0,90,459,787,459,697,52.925225,63.36423333333333,52.925225,63.36423333333333,frame_only,0.0,314.049,1.6,2026-06-15 08:47:10 +0000,crops/DJI_20260615134710_0347_D/crop_0015_0.70.jpg
DJI_20260615134710_0347_D.JPG,18,0.7,unknown,Не определено,0.4817,crop_wheat,Пшеница (Культура / Фон),0.4817,unknown,Не определено,0.5413,manual_review,True,3824,140,4091,396,267,256,52.925225,63.36423333333333,52.925225,63.36423333333333,frame_only,0.0,314.049,1.6,2026-06-15 08:47:10 +0000,crops/DJI_20260615134710_0347_D/crop_0017_0.70.jpg
DJI_20260615134710_0347_D.JPG,20,0.7,unknown,Не определено,0.4716,couch_grass,Пырей ползучий,0.4716,unknown,Не определено,0.7773,manual_review,True,3316,804,3657,1137,341,333,52.925225,63.36423333333333,52.925225,63.36423333333333,frame_only,0.0,314.049,1.6,2026-06-15 08:47:10 +0000,crops/DJI_20260615134710_0347_D/crop_0019_0.70.jpg
DJI_20260615134710_0347_D.JPG,21,0.7,couch_grass,Пырей ползучий,0.8552,couch_grass,Пырей ползучий,0.8552,stem_elongation,Стеблевание,0.9002,spray_weed,False,3398,1030,4096,2125,698,1095,52.925225,63.36423333333333,52.925225,63.36423333333333,frame_only,0.0,314.049,1.6,2026-06-15 08:47:10 +0000,crops/DJI_20260615134710_0347_D/crop_0020_0.70.jpg
DJI_20260615134710_0347_D.JPG,22,0.7,unknown,Не определено,0.5975,crop_wheat,Пшеница (Культура / Фон),0.5975,unknown,Не определено,0.916,manual_review,True,1016,1778,1375,2182,359,404,52.925225,63.36423333333333,52.925225,63.36423333333333,frame_only,0.0,314.049,1.6,2026-06-15 08:47:10 +0000,crops/DJI_20260615134710_0347_D/crop_0021_0.70.jpg
